{
  "target": {
    "a_amp_eg_attack": 0.017332963033588257,
    "a_amp_eg_decay": 0.6324965704533381,
    "a_amp_eg_release": 0.6630701246715371,
    "a_amp_eg_sustain": 0.5455805584754555,
    "a_filter_1_cutoff": 0.27975912582442863,
    "a_filter_1_feg_mod_amount": 0.0926417666319097,
    "a_filter_1_resonance": 0.15724090464310436,
    "a_filter_2_cutoff": 0.5067599857473403,
    "a_filter_2_feg_mod_amount": 0.31837670813123864,
    "a_filter_2_resonance": 0.4659783042434731,
    "a_filter_eg_attack": 0.566024681892403,
    "a_filter_eg_decay": 0.11139587366927127,
    "a_filter_eg_release": 0.5701159626790546,
    "a_filter_eg_sustain": 0.13577872451296502,
    "a_highpass": 0.42247381630151126,
    "a_noise_volume": 0.8459283875920749,
    "a_osc_1_type": 0.7083,
    "a_osc_1_pitch": 0.5,
    "a_osc_1_sawtooth": 0.10845200240800723,
    "a_osc_1_pulse": 0.14346638227884223,
    "a_osc_1_triangle": 0.9940768279594181,
    "a_osc_1_width": 0.48638184928823325,
    "a_osc_1_sync": 0.029414090744471988,
    "a_osc_1_volume": 0.6304490453248681,
    "a_osc_1_unison_voices": 0.07150000000000001,
    "a_osc_1_unison_detune": 0.07646641793155828,
    "a_lfo_1_amplitude": 0.0,
    "a_lfo_1_attack": 0.30720803072532327,
    "a_lfo_1_decay": 0.20164150083370314,
    "a_lfo_1_deform": 0.6076044048774998,
    "a_lfo_1_hold": 0.4266561881653772,
    "a_lfo_1_phase": 0.10400781448775387,
    "a_lfo_1_rate": 0.43160998225099867,
    "a_lfo_1_release": 0.10620599654386115,
    "a_lfo_1_sustain": 0.3775776150792892
  },
  "reference": {
    "a_amp_eg_attack": 0.02288737618665705,
    "a_amp_eg_decay": 0.77,
    "a_amp_eg_release": 0.37090301374684825,
    "a_amp_eg_sustain": 0.7079395929831139,
    "a_filter_1_cutoff": 0.3712056959987881,
    "a_filter_1_feg_mod_amount": 0.13766691533310893,
    "a_filter_1_resonance": 0.18671133268837015,
    "a_filter_2_cutoff": 0.26863107084014415,
    "a_filter_2_feg_mod_amount": 0.3236132295100683,
    "a_filter_2_resonance": 0.6346111997677414,
    "a_filter_eg_attack": 0.757399108243967,
    "a_filter_eg_decay": 0.11638452377237875,
    "a_filter_eg_release": 0.40054995362843193,
    "a_filter_eg_sustain": 0.19284650716032384,
    "a_highpass": 0.5584049478110297,
    "a_noise_volume": 0.5142968309385797,
    "a_osc_1_type": 0.7083,
    "a_osc_1_pitch": 0.40007714829689606,
    "a_osc_1_sawtooth": 0.08568819683319918,
    "a_osc_1_pulse": 0.18738601070655822,
    "a_osc_1_triangle": 1.0,
    "a_osc_1_width": 0.4355499680968008,
    "a_osc_1_sync": 0.04049192467136253,
    "a_osc_1_volume": 0.5,
    "a_osc_1_unison_voices": 0.07150000000000001,
    "a_osc_1_unison_detune": 0.0754346732272607,
    "a_lfo_1_amplitude": 0.0,
    "a_lfo_1_attack": 0.010059777273764172,
    "a_lfo_1_decay": 0.20914160095461043,
    "a_lfo_1_deform": 0.8054915013645785,
    "a_lfo_1_hold": 0.3013335446075482,
    "a_lfo_1_phase": 0.12123857284576871,
    "a_lfo_1_rate": 0.30427797840889437,
    "a_lfo_1_release": 0.08999203853963925,
    "a_lfo_1_sustain": 0.2913513221669548
  },
  "note": {
    "pitch": 43,
    "note_start_and_end": [
      0.2576756392959698,
      0.3705599194506095
    ]
  }
}