{
  "target": {
    "a_amp_eg_attack": 0.000375749502300579,
    "a_amp_eg_decay": 6.475512172643375e-06,
    "a_amp_eg_release": 5.748823573261334e-06,
    "a_amp_eg_sustain": 0.6310941489621725,
    "a_filter_1_cutoff": 0.3785313725900731,
    "a_filter_1_feg_mod_amount": 0.6599426075682294,
    "a_filter_1_resonance": 0.26513833356582084,
    "a_filter_2_cutoff": 0.8274650409211859,
    "a_filter_2_feg_mod_amount": 0.3055323925414253,
    "a_filter_2_resonance": 0.314829267846816,
    "a_filter_eg_attack": 0.22849271265486826,
    "a_filter_eg_decay": 0.010918947649466264,
    "a_filter_eg_release": 0.009985663858457042,
    "a_filter_eg_sustain": 0.6015823735020567,
    "a_highpass": 0.0,
    "a_noise_volume": 0.0,
    "a_osc_1_type": 0.7083,
    "a_osc_1_pitch": 0.8815326167935829,
    "a_osc_1_sawtooth": 0.4671370788640167,
    "a_osc_1_pulse": 0.2143032591562838,
    "a_osc_1_triangle": 0.6239652166890354,
    "a_osc_1_width": 0.9800608624914968,
    "a_osc_1_sync": 0.10796351882256905,
    "a_osc_1_volume": 0.5332891638543343,
    "a_osc_1_unison_voices": 0.0195,
    "a_osc_1_unison_detune": 0.07079538084601222,
    "a_lfo_1_amplitude": 0.0,
    "a_lfo_1_attack": 0.25509827027565485,
    "a_lfo_1_decay": 0.4592622562680825,
    "a_lfo_1_deform": 0.0007375168902528095,
    "a_lfo_1_hold": 0.042566673734208825,
    "a_lfo_1_phase": 0.7285337940587956,
    "a_lfo_1_rate": 0.036469710739057026,
    "a_lfo_1_release": 0.050932351900475875,
    "a_lfo_1_sustain": 0.43363667030692576
  },
  "reference": {
    "a_amp_eg_attack": 0.0026401379342169016,
    "a_amp_eg_decay": 0.0037504026911320413,
    "a_amp_eg_release": 3.6557170078540247e-06,
    "a_amp_eg_sustain": 0.5592972538099246,
    "a_filter_1_cutoff": 0.49059404784044297,
    "a_filter_1_feg_mod_amount": 0.4494343853919161,
    "a_filter_1_resonance": 0.3173332459114582,
    "a_filter_2_cutoff": 0.604413791046375,
    "a_filter_2_feg_mod_amount": 0.4129914939949645,
    "a_filter_2_resonance": 0.3216269786492089,
    "a_filter_eg_attack": 0.24245561263247972,
    "a_filter_eg_decay": 0.020213316703470874,
    "a_filter_eg_release": 0.14568940341116762,
    "a_filter_eg_sustain": 0.3242025569448366,
    "a_highpass": 0.0,
    "a_noise_volume": 0.0,
    "a_osc_1_type": 0.7083,
    "a_osc_1_pitch": 1.0,
    "a_osc_1_sawtooth": 0.30591692054370234,
    "a_osc_1_pulse": 0.2675271241691491,
    "a_osc_1_triangle": 0.866439938074875,
    "a_osc_1_width": 1.0,
    "a_osc_1_sync": 0.06693046359485556,
    "a_osc_1_volume": 0.5,
    "a_osc_1_unison_voices": 0.0195,
    "a_osc_1_unison_detune": 0.06848598359424583,
    "a_lfo_1_amplitude": 0.0,
    "a_lfo_1_attack": 0.2592470993471798,
    "a_lfo_1_decay": 0.013620366626825805,
    "a_lfo_1_deform": 0.0006735982053902905,
    "a_lfo_1_hold": 0.031235683606295365,
    "a_lfo_1_phase": 0.7997404125969141,
    "a_lfo_1_rate": 0.04468206150557523,
    "a_lfo_1_release": 0.043368832117320205,
    "a_lfo_1_sustain": 0.49845202923447324
  },
  "note": {
    "pitch": 49,
    "note_start_and_end": [
      1.1082187713158445,
      2.1130707638926878
    ]
  }
}