{
  "target": {
    "a_amp_eg_attack": 0.13203430688225873,
    "a_amp_eg_decay": 1.7973120013333024e-05,
    "a_amp_eg_release": 0.006805806886967077,
    "a_amp_eg_sustain": 0.85879304664956,
    "a_filter_1_cutoff": 0.4866667493619754,
    "a_filter_1_feg_mod_amount": 0.1581876293658796,
    "a_filter_1_resonance": 0.8342250574257614,
    "a_filter_2_cutoff": 0.5293569162250968,
    "a_filter_2_feg_mod_amount": 0.9147180715327766,
    "a_filter_2_resonance": 0.931018505844657,
    "a_filter_eg_attack": 0.6796320066088378,
    "a_filter_eg_decay": 0.2620425835930674,
    "a_filter_eg_release": 0.677216711317706,
    "a_filter_eg_sustain": 0.46684321477644175,
    "a_highpass": 0.0,
    "a_noise_volume": 0.7508416537980699,
    "a_osc_1_type": 0.7083,
    "a_osc_1_pitch": 0.03613835230900653,
    "a_osc_1_sawtooth": 0.7601356322175196,
    "a_osc_1_pulse": 0.5286484365538359,
    "a_osc_1_triangle": 0.8282912411129941,
    "a_osc_1_width": 0.8757993144290251,
    "a_osc_1_sync": 0.1961979755319564,
    "a_osc_1_volume": 0.8281354265857304,
    "a_osc_1_unison_voices": 0.137,
    "a_osc_1_unison_detune": 0.483932545520761,
    "a_lfo_1_amplitude": 0.0,
    "a_lfo_1_attack": 0.03137220750642626,
    "a_lfo_1_decay": 0.7471776517107444,
    "a_lfo_1_deform": 0.6991732970035203,
    "a_lfo_1_hold": 0.47705482145639105,
    "a_lfo_1_phase": 0.3078519205697151,
    "a_lfo_1_rate": 0.16537488775860976,
    "a_lfo_1_release": 0.12802611950991524,
    "a_lfo_1_sustain": 0.5461023223472597
  },
  "reference": {
    "a_amp_eg_attack": 0.02259168674341285,
    "a_amp_eg_decay": 0.002637884396564403,
    "a_amp_eg_release": 0.049649213758855545,
    "a_amp_eg_sustain": 1.0,
    "a_filter_1_cutoff": 0.2736840452783685,
    "a_filter_1_feg_mod_amount": 0.13433705610386856,
    "a_filter_1_resonance": 1.0,
    "a_filter_2_cutoff": 0.5539662555801288,
    "a_filter_2_feg_mod_amount": 1.0,
    "a_filter_2_resonance": 0.8452685554718112,
    "a_filter_eg_attack": 0.77,
    "a_filter_eg_decay": 0.007853433689636615,
    "a_filter_eg_release": 0.1098304839700822,
    "a_filter_eg_sustain": 0.6099626186516999,
    "a_highpass": 0.0,
    "a_noise_volume": 0.8939158957726276,
    "a_osc_1_type": 0.7083,
    "a_osc_1_pitch": 0.053112028802228615,
    "a_osc_1_sawtooth": 0.7406271064816533,
    "a_osc_1_pulse": 0.5182203139345573,
    "a_osc_1_triangle": 1.0,
    "a_osc_1_width": 0.6646268539410128,
    "a_osc_1_sync": 0.2247211679121861,
    "a_osc_1_volume": 0.8316267874171798,
    "a_osc_1_unison_voices": 0.137,
    "a_osc_1_unison_detune": 0.5,
    "a_lfo_1_amplitude": 0.0,
    "a_lfo_1_attack": 0.029295762304057116,
    "a_lfo_1_decay": 0.77,
    "a_lfo_1_deform": 0.8215036917950443,
    "a_lfo_1_hold": 0.3694536451678024,
    "a_lfo_1_phase": 0.20060303429286955,
    "a_lfo_1_rate": 0.23778771750487196,
    "a_lfo_1_release": 0.3669985807694074,
    "a_lfo_1_sustain": 0.3878423365542027
  },
  "note": {
    "pitch": 66,
    "note_start_and_end": [
      0.8842589837773622,
      1.1171038854050455
    ]
  }
}